-- -------------------------------------------------------------
-- TablePlus 4.6.4(414)
--
-- https://tableplus.com/
--
-- Database: database.sqlite
-- Generation Time: 2022-04-24 10:23:26.2810
-- -------------------------------------------------------------


INSERT INTO "categories" ("id", "name", "description", "thumbnail", "created_at", "updated_at") VALUES
('1', 'Funny', NULL, 'https://miscmedia-9gag-fun.9cache.com/images/thumbnail-facebook/1557376304.186_U5U7u5_100x100.jpg', '2022-04-24 02:11:44', '2022-04-24 02:11:44'),
('2', 'Latest News', NULL, 'https://miscmedia-9gag-fun.9cache.com/images/thumbnail-facebook/1557286757.4584_Du3Eba_100x100.jpg', '2022-04-24 02:11:44', '2022-04-24 02:11:44'),
('3', 'NSFW', NULL, 'https://miscmedia-9gag-fun.9cache.com/images/thumbnail-facebook/1557297099.4728_VeSAvU_100x100.jpg', '2022-04-24 02:11:44', '2022-04-24 02:11:44'),
('4', 'Politics', NULL, 'https://miscmedia-9gag-fun.9cache.com/images/thumbnail-facebook/1557286889.2504_mEVy2A_100x100.jpg', '2022-04-24 02:11:44', '2022-04-24 02:11:44'),
('5', 'Girl', NULL, 'https://miscmedia-9gag-fun.9cache.com/images/thumbnail-facebook/1557286922.3692_aWySaZ_100x100.jpg', '2022-04-24 02:11:44', '2022-04-24 02:11:44'),
('6', 'WTF', NULL, 'https://miscmedia-9gag-fun.9cache.com/images/thumbnail-facebook/1557310702.1267_UgysAp_100x100.jpg', '2022-04-24 02:11:44', '2022-04-24 02:11:44'),
('7', 'Cryptocurrency', NULL, 'https://miscmedia-9gag-fun.9cache.com/images/thumbnail-facebook/1612499626.65_ARaqeP_100x100.jpg', '2022-04-24 02:11:44', '2022-04-24 02:11:44'),
('8', 'Anime & Manga', NULL, 'https://miscmedia-9gag-fun.9cache.com/images/thumbnail-facebook/1557310356.2625_y8EVa2_100x100.jpg', '2022-04-24 02:11:44', '2022-04-24 02:11:44'),
('9', 'Random', NULL, 'https://miscmedia-9gag-fun.9cache.com/images/thumbnail-facebook/1481541784.8502_e8ARAR_100x100.jpg', '2022-04-24 02:11:44', '2022-04-24 02:11:44'),
('10', 'Animals', NULL, 'https://miscmedia-9gag-fun.9cache.com/images/thumbnail-facebook/1557391851.3248_Za4UdA_100x100.jpg', '2022-04-24 02:11:44', '2022-04-24 02:11:44'),
('11', 'Anime Waifu', NULL, 'https://miscmedia-9gag-fun.9cache.com/images/thumbnail-facebook/1557216667.6148_TuNebU_100x100.jpg', '2022-04-24 02:11:44', '2022-04-24 02:11:44'),
('12', 'Awesome', NULL, 'https://miscmedia-9gag-fun.9cache.com/images/thumbnail-facebook/1557217995.2799_bYQyJU_100x100.jpg', '2022-04-24 02:11:44', '2022-04-24 02:11:44'),
('13', 'Car', NULL, 'https://miscmedia-9gag-fun.9cache.com/images/thumbnail-facebook/1557311278.4297_UNEHy6_100x100.jpg', '2022-04-24 02:11:44', '2022-04-24 02:11:44'),
('14', 'Comic & Webtoon', NULL, 'https://miscmedia-9gag-fun.9cache.com/images/thumbnail-facebook/1557399125.5971_HYGaTE_100x100.jpg', '2022-04-24 02:11:44', '2022-04-24 02:11:44'),
('15', 'Cosplay', NULL, 'https://miscmedia-9gag-fun.9cache.com/images/thumbnail-facebook/1557216678.2404_U2EHEM_100x100.jpg', '2022-04-24 02:11:44', '2022-04-24 02:11:44'),
('16', 'Gaming', NULL, 'https://miscmedia-9gag-fun.9cache.com/images/thumbnail-facebook/1557286928.6604_uTYgug_100x100.jpg', '2022-04-24 02:11:44', '2022-04-24 02:11:44'),
('17', 'GIF', NULL, 'https://miscmedia-9gag-fun.9cache.com/images/thumbnail-facebook/1557283958.4323_AXE2aJ_100x100.jpg', '2022-04-24 02:11:44', '2022-04-24 02:11:44'),
('18', 'Girl Celebrity', NULL, 'https://miscmedia-9gag-fun.9cache.com/images/thumbnail-facebook/1557216688.9396_YduXUP_100x100.jpg', '2022-04-24 02:11:44', '2022-04-24 02:11:44'),
('19', 'League of Legends', NULL, 'https://miscmedia-9gag-fun.9cache.com/images/thumbnail-facebook/1557291375.3948_Dy2yZu_100x100.jpg', '2022-04-24 02:11:44', '2022-04-24 02:11:44'),
('20', 'Meme', NULL, 'https://miscmedia-9gag-fun.9cache.com/images/thumbnail-facebook/1557216707.0007_ESESyM_100x100.jpg', '2022-04-24 02:11:44', '2022-04-24 02:11:44'),
('21', 'Relationship', NULL, 'https://miscmedia-9gag-fun.9cache.com/images/thumbnail-facebook/1557281608.0144_yjEDu7_100x100.jpg', '2022-04-24 02:11:44', '2022-04-24 02:11:44'),
('22', 'Savage', NULL, 'https://miscmedia-9gag-fun.9cache.com/images/thumbnail-facebook/1557291282.8015_egYQAB_100x100.jpg', '2022-04-24 02:11:44', '2022-04-24 02:11:44'),
('23', 'Video', NULL, 'https://miscmedia-9gag-fun.9cache.com/images/thumbnail-facebook/1557283964.0386_avUmy5_100x100.jpg', '2022-04-24 02:11:44', '2022-04-24 02:11:44'),
('24', 'Ask Memeboard', NULL, 'https://miscmedia-9gag-fun.9cache.com/images/thumbnail-facebook/1557297343.7755_SUPELy_100x100.jpg', '2022-04-24 02:11:44', '2022-04-24 02:11:44'),
('25', 'Coronavirus', NULL, 'https://miscmedia-9gag-fun.9cache.com/images/thumbnail-facebook/1584508226.1928_evY7UG_100x100.jpg', '2022-04-24 02:11:44', '2022-04-24 02:11:44'),
('26', 'Countryballs', NULL, 'https://miscmedia-9gag-fun.9cache.com/images/thumbnail-facebook/1557310697.557_Ba4aSa_100x100.jpg', '2022-04-24 02:11:44', '2022-04-24 02:11:44'),
('27', 'Cozy & Comfy', NULL, 'https://miscmedia-9gag-fun.9cache.com/images/thumbnail-facebook/1571738757.4169_vevUNA_100x100.jpg', '2022-04-24 02:11:44', '2022-04-24 02:11:44'),
('28', 'Crappy Design', NULL, 'https://miscmedia-9gag-fun.9cache.com/images/thumbnail-facebook/1557286985.8981_4eqENa_100x100.jpg', '2022-04-24 02:11:44', '2022-04-24 02:11:44'),
('29', 'Cyberpunk 2077', NULL, 'https://miscmedia-9gag-fun.9cache.com/images/thumbnail-facebook/1601435242.0864_EhY7Ym_100x100.jpg', '2022-04-24 02:11:44', '2022-04-24 02:11:44'),
('30', 'Drawing, DIY & Crafts', NULL, 'https://miscmedia-9gag-fun.9cache.com/images/thumbnail-facebook/1557286939.2639_Te3EBe_100x100.jpg', '2022-04-24 02:11:44', '2022-04-24 02:11:44'),
('31', 'Elden Ring🆕', NULL, 'https://miscmedia-9gag-fun.9cache.com/images/thumbnail-facebook/1647878457.016_vYSU7a_100x100.jpg', '2022-04-24 02:11:44', '2022-04-24 02:11:44'),
('32', 'Football', NULL, 'https://miscmedia-9gag-fun.9cache.com/images/thumbnail-facebook/1627027095.3081_TUNU7y_100x100.jpg', '2022-04-24 02:11:44', '2022-04-24 02:11:44'),
('33', 'Food & Drinks', NULL, 'https://miscmedia-9gag-fun.9cache.com/images/thumbnail-facebook/1557295964.6843_uHyTu2_100x100.jpg', '2022-04-24 02:11:44', '2022-04-24 02:11:44'),
('34', 'Formula 1🆕', NULL, 'https://miscmedia-9gag-fun.9cache.com/images/thumbnail-facebook/1647837219.187_3yqe5E_100x100.jpg', '2022-04-24 02:11:44', '2022-04-24 02:11:44'),
('35', 'Guy', NULL, 'https://miscmedia-9gag-fun.9cache.com/images/thumbnail-facebook/1557295872.771_uTAnAD_100x100.jpg', '2022-04-24 02:11:44', '2022-04-24 02:11:44'),
('36', 'History', NULL, 'https://miscmedia-9gag-fun.9cache.com/images/thumbnail-facebook/1557296197.2188_XEhabA_100x100.jpg', '2022-04-24 02:11:44', '2022-04-24 02:11:44'),
('37', 'LEGO', NULL, 'https://miscmedia-9gag-fun.9cache.com/images/thumbnail-facebook/1557123612.5851_ENENAQ_100x100.jpg', '2022-04-24 02:11:44', '2022-04-24 02:11:44'),
('38', 'Movie & TV', NULL, 'https://miscmedia-9gag-fun.9cache.com/images/thumbnail-facebook/1557286907.1035_hE2uHE_100x100.jpg', '2022-04-24 02:11:44', '2022-04-24 02:11:44'),
('39', 'Music', NULL, 'https://miscmedia-9gag-fun.9cache.com/images/thumbnail-facebook/1557286900.9909_E8EGyp_100x100.jpg', '2022-04-24 02:11:44', '2022-04-24 02:11:44'),
('40', 'Sport', NULL, 'https://miscmedia-9gag-fun.9cache.com/images/thumbnail-facebook/1629104744.7247_EheJe6_100x100.jpg', '2022-04-24 02:11:44', '2022-04-24 02:11:44'),
('41', 'PC Master Race', NULL, 'https://miscmedia-9gag-fun.9cache.com/images/thumbnail-facebook/1557311439.7179_8UsUhu_100x100.jpg', '2022-04-24 02:11:44', '2022-04-24 02:11:44'),
('42', 'Pokémon', NULL, 'https://miscmedia-9gag-fun.9cache.com/images/thumbnail-facebook/1557123631.4709_XUSEmY_100x100.jpg', '2022-04-24 02:11:44', '2022-04-24 02:11:44'),
('43', 'Satisfying', NULL, 'https://miscmedia-9gag-fun.9cache.com/images/thumbnail-facebook/1557291577.7623_4Y5A3U_100x100.jpg', '2022-04-24 02:11:44', '2022-04-24 02:11:44'),
('44', 'Science & Tech', NULL, 'https://miscmedia-9gag-fun.9cache.com/images/thumbnail-facebook/1557286779.394_WYru9a_100x100.jpg', '2022-04-24 02:11:44', '2022-04-24 02:11:44'),
('45', 'Star Wars', NULL, 'https://miscmedia-9gag-fun.9cache.com/images/thumbnail-facebook/1557123636.2678_UPYNuT_100x100.jpg', '2022-04-24 02:11:44', '2022-04-24 02:11:44'),
('46', 'Superhero', NULL, 'https://miscmedia-9gag-fun.9cache.com/images/thumbnail-facebook/1641531424.3731_aqy7yD_100x100.jpg', '2022-04-24 02:11:44', '2022-04-24 02:11:44'),
('47', 'Teens Can Relate', NULL, 'https://miscmedia-9gag-fun.9cache.com/images/thumbnail-facebook/1557290674.9492_ARAda3_100x100.jpg', '2022-04-24 02:11:44', '2022-04-24 02:11:44'),
('48', 'Travel & Photography', NULL, 'https://miscmedia-9gag-fun.9cache.com/images/thumbnail-facebook/1557398058.2002_EmASyv_100x100.jpg', '2022-04-24 02:11:44', '2022-04-24 02:11:44'),
('49', 'Warhammer', NULL, 'https://miscmedia-9gag-fun.9cache.com/images/thumbnail-facebook/1557123640.8958_YWaGUb_100x100.jpg', '2022-04-24 02:11:44', '2022-04-24 02:11:44'),
('50', 'Wholesome', NULL, 'https://miscmedia-9gag-fun.9cache.com/images/thumbnail-facebook/1571808085.3621_gyMeNu_100x100.jpg', '2022-04-24 02:11:44', '2022-04-24 02:11:44'),
('51', 'Anime Wallpaper', NULL, 'https://miscmedia-9gag-fun.9cache.com/images/thumbnail-facebook/1557216671.5403_tunyra_100x100.jpg', '2022-04-24 02:11:44', '2022-04-24 02:11:44'),
('52', 'Apex Legends', NULL, 'https://miscmedia-9gag-fun.9cache.com/images/thumbnail-facebook/1557130395.0362_Je7YJA_100x100.jpg', '2022-04-24 02:11:44', '2022-04-24 02:11:44'),
('53', 'Among Us', NULL, 'https://miscmedia-9gag-fun.9cache.com/images/thumbnail-facebook/1602236386.2377_YVAWUr_100x100.jpg', '2022-04-24 02:11:44', '2022-04-24 02:11:44'),
('54', 'Fashion & Beauty', NULL, 'https://miscmedia-9gag-fun.9cache.com/images/thumbnail-facebook/1557453498.4533_yvyBU6_100x100.jpg', '2022-04-24 02:11:44', '2022-04-24 02:11:44'),
('55', 'Fortnite', NULL, 'https://miscmedia-9gag-fun.9cache.com/images/thumbnail-facebook/1557291380.0454_yXALUZ_100x100.jpg', '2022-04-24 02:11:44', '2022-04-24 02:11:44'),
('56', 'Game of Thrones', NULL, 'https://miscmedia-9gag-fun.9cache.com/images/thumbnail-facebook/1557216648.3213_E9Eba6_100x100.jpg', '2022-04-24 02:11:44', '2022-04-24 02:11:44'),
('57', 'K-Pop', NULL, 'https://miscmedia-9gag-fun.9cache.com/images/thumbnail-facebook/1557216683.8874_hunY4u_100x100.jpg', '2022-04-24 02:11:44', '2022-04-24 02:11:44'),
('58', 'NBA', NULL, 'https://miscmedia-9gag-fun.9cache.com/images/thumbnail-facebook/1557286654.1198_yNyna7_100x100.jpg', '2022-04-24 02:11:44', '2022-04-24 02:11:44'),
('59', 'Horror', NULL, 'https://miscmedia-9gag-fun.9cache.com/images/thumbnail-facebook/1557286914.1262_U3EQav_100x100.jpg', '2022-04-24 02:11:44', '2022-04-24 02:11:44'),
('60', 'Overwatch', NULL, 'https://miscmedia-9gag-fun.9cache.com/images/thumbnail-facebook/1557123617.4712_DEbYBA_100x100.jpg', '2022-04-24 02:11:44', '2022-04-24 02:11:44'),
('61', 'Resident Evil 8', NULL, 'https://miscmedia-9gag-fun.9cache.com/images/thumbnail-facebook/1620805467.9634_bejeDa_100x100.jpg', '2022-04-24 02:11:44', '2022-04-24 02:11:44'),
('62', 'PUBG', NULL, 'https://miscmedia-9gag-fun.9cache.com/images/thumbnail-facebook/1557130506.0765_aXuNa4_100x100.jpg', '2022-04-24 02:11:44', '2022-04-24 02:11:44'),
('63', 'Wallpaper', NULL, 'https://miscmedia-9gag-fun.9cache.com/images/thumbnail-facebook/1557397422.1946_Evebyr_100x100.jpg', '2022-04-24 02:11:44', '2022-04-24 02:11:44'),
('64', 'Dark Humor', NULL, 'https://miscmedia-9gag-fun.9cache.com/images/thumbnail-facebook/1557453152.4514_U2asE8_100x100.jpg', '2022-04-24 02:11:44', '2022-04-24 02:11:44'),
('65', 'Politics ', NULL, 'https://miscmedia-9gag-fun.9cache.com/images/thumbnail-facebook/1557286889.2504_mEVy2A_100x100.jpg', '2022-04-24 02:11:44', '2022-04-24 02:11:44');

INSERT INTO "media" ("id", "model_type", "model_id", "url", "width", "height", "type", "has_audio", "duration", "created_at", "updated_at") VALUES
('1', 'App\Models\Post', '1', 'https://img-9gag-fun.9cache.com/photo/aZr2BGW_460s.jpg', '460', '817', 'image', '0', '0', '2022-04-24 02:11:44', '2022-04-24 02:11:44'),
('2', 'App\Models\Post', '1', 'https://img-9gag-fun.9cache.com/photo/aZr2BGW_460sv.mp4', '460', '816', 'video', '0', '6', '2022-04-24 02:11:44', '2022-04-24 02:11:44'),
('3', 'App\Models\Post', '2', 'https://img-9gag-fun.9cache.com/photo/aNPRd70_460s.jpg', '460', '460', 'image', '0', '0', '2022-04-24 02:11:44', '2022-04-24 02:11:44'),
('4', 'App\Models\Post', '2', 'https://img-9gag-fun.9cache.com/photo/aNPRd70_460sv.mp4', '460', '460', 'video', '1', '21', '2022-04-24 02:11:44', '2022-04-24 02:11:44'),
('5', 'App\Models\Post', '3', 'https://img-9gag-fun.9cache.com/photo/a41qZ06_460s.jpg', '460', '511', 'image', '0', '0', '2022-04-24 02:11:44', '2022-04-24 02:11:44'),
('6', 'App\Models\Post', '4', 'https://img-9gag-fun.9cache.com/photo/a11LdqR_460s.jpg', '460', '276', 'image', '0', '0', '2022-04-24 02:11:44', '2022-04-24 02:11:44'),
('7', 'App\Models\Post', '4', 'https://img-9gag-fun.9cache.com/photo/a11LdqR_460sv.mp4', '460', '276', 'video', '1', '60', '2022-04-24 02:11:44', '2022-04-24 02:11:44'),
('8', 'App\Models\Post', '5', 'https://img-9gag-fun.9cache.com/photo/aPZXMbV_460s.jpg', '460', '460', 'image', '0', '0', '2022-04-24 02:11:44', '2022-04-24 02:11:44'),
('9', 'App\Models\Post', '5', 'https://img-9gag-fun.9cache.com/photo/aPZXMbV_460sv.mp4', '460', '460', 'video', '1', '15', '2022-04-24 02:11:44', '2022-04-24 02:11:44'),
('10', 'App\Models\Post', '6', 'https://img-9gag-fun.9cache.com/photo/aAGXwmE_460s.jpg', '360', '640', 'image', '0', '0', '2022-04-24 02:11:44', '2022-04-24 02:11:44'),
('11', 'App\Models\Post', '6', 'https://img-9gag-fun.9cache.com/photo/aAGXwmE_460sv.mp4', '360', '640', 'video', '0', '7', '2022-04-24 02:11:44', '2022-04-24 02:11:44'),
('12', 'App\Models\Post', '7', 'https://img-9gag-fun.9cache.com/photo/a41qZy6_460s.jpg', '372', '480', 'image', '0', '0', '2022-04-24 02:11:44', '2022-04-24 02:11:44'),
('13', 'App\Models\Post', '7', 'https://img-9gag-fun.9cache.com/photo/a41qZy6_460sv.mp4', '372', '480', 'video', '1', '13', '2022-04-24 02:11:44', '2022-04-24 02:11:44'),
('14', 'App\Models\Post', '8', 'https://img-9gag-fun.9cache.com/photo/avAvG2O_460s.jpg', '460', '345', 'image', '0', '0', '2022-04-24 02:11:44', '2022-04-24 02:11:44'),
('15', 'App\Models\Post', '8', 'https://img-9gag-fun.9cache.com/photo/avAvG2O_460sv.mp4', '460', '344', 'video', '1', '46', '2022-04-24 02:11:44', '2022-04-24 02:11:44'),
('16', 'App\Models\Post', '9', 'https://img-9gag-fun.9cache.com/photo/angDyZL_460s.jpg', '320', '580', 'image', '0', '0', '2022-04-24 02:11:44', '2022-04-24 02:11:44'),
('17', 'App\Models\Post', '9', 'https://img-9gag-fun.9cache.com/photo/angDyZL_460sv.mp4', '320', '580', 'video', '1', '9', '2022-04-24 02:11:44', '2022-04-24 02:11:44'),
('18', 'App\Models\Post', '10', 'https://img-9gag-fun.9cache.com/photo/aM4XwRG_460s.jpg', '460', '415', 'image', '0', '0', '2022-04-24 02:11:44', '2022-04-24 02:11:44'),
('19', 'App\Models\Post', '10', 'https://img-9gag-fun.9cache.com/photo/aM4XwRG_460sv.mp4', '460', '414', 'video', '1', '10', '2022-04-24 02:11:44', '2022-04-24 02:11:44'),
('20', 'App\Models\Post', '11', 'https://img-9gag-fun.9cache.com/photo/aOQ1dpE_460s.jpg', '460', '669', 'image', '0', '0', '2022-04-24 02:11:44', '2022-04-24 02:11:44'),
('21', 'App\Models\Post', '12', 'https://img-9gag-fun.9cache.com/photo/aYr1KA0_460s.jpg', '460', '460', 'image', '0', '0', '2022-04-24 02:11:44', '2022-04-24 02:11:44'),
('22', 'App\Models\Post', '13', 'https://img-9gag-fun.9cache.com/photo/a81wp9d_460s.jpg', '460', '514', 'image', '0', '0', '2022-04-24 02:11:44', '2022-04-24 02:11:44'),
('23', 'App\Models\Post', '14', 'https://img-9gag-fun.9cache.com/photo/ay9QLbp_460s.jpg', '456', '360', 'image', '0', '0', '2022-04-24 02:11:44', '2022-04-24 02:11:44'),
('24', 'App\Models\Post', '14', 'https://img-9gag-fun.9cache.com/photo/ay9QLbp_460sv.mp4', '456', '360', 'video', '0', '13', '2022-04-24 02:11:44', '2022-04-24 02:11:44'),
('25', 'App\Models\Post', '15', 'https://img-9gag-fun.9cache.com/photo/angDyVz_460s.jpg', '460', '2095', 'image', '0', '0', '2022-04-24 02:11:44', '2022-04-24 02:11:44'),
('26', 'App\Models\Post', '16', 'https://img-9gag-fun.9cache.com/photo/aqGzrYY_460s.jpg', '460', '574', 'image', '0', '0', '2022-04-24 02:11:44', '2022-04-24 02:11:44'),
('27', 'App\Models\Post', '16', 'https://img-9gag-fun.9cache.com/photo/aqGzrYY_460sv.mp4', '460', '574', 'video', '1', '11', '2022-04-24 02:11:44', '2022-04-24 02:11:44'),
('28', 'App\Models\Post', '17', 'https://img-9gag-fun.9cache.com/photo/ajgKqWR_460s.jpg', '240', '240', 'image', '0', '0', '2022-04-24 02:11:44', '2022-04-24 02:11:44'),
('29', 'App\Models\Post', '17', 'https://img-9gag-fun.9cache.com/photo/ajgKqWR_460sv.mp4', '240', '240', 'video', '1', '30', '2022-04-24 02:11:44', '2022-04-24 02:11:44'),
('30', 'App\Models\Post', '18', 'https://img-9gag-fun.9cache.com/photo/aE8XRjG_460s.jpg', '460', '277', 'image', '0', '0', '2022-04-24 02:11:44', '2022-04-24 02:11:44'),
('31', 'App\Models\Post', '19', 'https://img-9gag-fun.9cache.com/photo/ay9QLQq_460s.jpg', '426', '426', 'image', '0', '0', '2022-04-24 02:11:44', '2022-04-24 02:11:44'),
('32', 'App\Models\Post', '19', 'https://img-9gag-fun.9cache.com/photo/ay9QLQq_460sv.mp4', '426', '426', 'video', '1', '10', '2022-04-24 02:11:44', '2022-04-24 02:11:44'),
('33', 'App\Models\Post', '20', 'https://img-9gag-fun.9cache.com/photo/aLvXMYM_460s.jpg', '426', '426', 'image', '0', '0', '2022-04-24 02:11:44', '2022-04-24 02:11:44'),
('34', 'App\Models\Post', '20', 'https://img-9gag-fun.9cache.com/photo/aLvXMYM_460sv.mp4', '426', '426', 'video', '1', '10', '2022-04-24 02:11:44', '2022-04-24 02:11:44'),
('35', 'App\Models\Post', '21', 'https://img-9gag-fun.9cache.com/photo/a21bdOE_460s.jpg', '460', '632', 'image', '0', '0', '2022-04-24 02:11:44', '2022-04-24 02:11:44'),
('36', 'App\Models\Post', '22', 'https://img-9gag-fun.9cache.com/photo/aGz20X6_460s.jpg', '460', '574', 'image', '0', '0', '2022-04-24 02:11:44', '2022-04-24 02:11:44'),
('37', 'App\Models\Post', '23', 'https://img-9gag-fun.9cache.com/photo/arnBOZK_460s.jpg', '460', '528', 'image', '0', '0', '2022-04-24 02:11:44', '2022-04-24 02:11:44'),
('38', 'App\Models\Post', '24', 'https://img-9gag-fun.9cache.com/photo/aLvXM5W_460s.jpg', '460', '517', 'image', '0', '0', '2022-04-24 02:11:44', '2022-04-24 02:11:44'),
('39', 'App\Models\Post', '25', 'https://img-9gag-fun.9cache.com/photo/a71NZGm_460s.jpg', '460', '634', 'image', '0', '0', '2022-04-24 02:11:44', '2022-04-24 02:11:44'),
('40', 'App\Models\Post', '26', 'https://img-9gag-fun.9cache.com/photo/a71NZpe_460s.jpg', '460', '310', 'image', '0', '0', '2022-04-24 02:11:44', '2022-04-24 02:11:44'),
('41', 'App\Models\Post', '26', 'https://img-9gag-fun.9cache.com/photo/a71NZpe_460sv.mp4', '460', '310', 'video', '1', '8', '2022-04-24 02:11:44', '2022-04-24 02:11:44'),
('42', 'App\Models\Post', '27', 'https://img-9gag-fun.9cache.com/photo/aGz20BG_460s.jpg', '460', '601', 'image', '0', '0', '2022-04-24 02:11:44', '2022-04-24 02:11:44'),
('43', 'App\Models\Post', '28', 'https://img-9gag-fun.9cache.com/photo/aE8XRVN_460s.jpg', '460', '337', 'image', '0', '0', '2022-04-24 02:11:44', '2022-04-24 02:11:44'),
('44', 'App\Models\Post', '28', 'https://img-9gag-fun.9cache.com/photo/aE8XRVN_460sv.mp4', '460', '336', 'video', '1', '29', '2022-04-24 02:11:44', '2022-04-24 02:11:44'),
('45', 'App\Models\Post', '29', 'https://img-9gag-fun.9cache.com/photo/aLvX9eA_460s.jpg', '460', '257', 'image', '0', '0', '2022-04-24 02:11:44', '2022-04-24 02:11:44'),
('46', 'App\Models\Post', '30', 'https://img-9gag-fun.9cache.com/photo/aLvXMLz_460s.jpg', '460', '336', 'image', '0', '0', '2022-04-24 02:11:44', '2022-04-24 02:11:44'),
('47', 'App\Models\Post', '31', 'https://img-9gag-fun.9cache.com/photo/arnBOA7_460s.jpg', '460', '261', 'image', '0', '0', '2022-04-24 02:11:44', '2022-04-24 02:11:44'),
('48', 'App\Models\Post', '31', 'https://img-9gag-fun.9cache.com/photo/arnBOA7_460sv.mp4', '460', '260', 'video', '1', '33', '2022-04-24 02:11:44', '2022-04-24 02:11:44'),
('49', 'App\Models\Post', '32', 'https://img-9gag-fun.9cache.com/photo/aLvXMzV_460s.jpg', '314', '240', 'image', '0', '0', '2022-04-24 02:11:44', '2022-04-24 02:11:44'),
('50', 'App\Models\Post', '32', 'https://img-9gag-fun.9cache.com/photo/aLvXMzV_460sv.mp4', '314', '240', 'video', '1', '12', '2022-04-24 02:11:44', '2022-04-24 02:11:44'),
('51', 'App\Models\Post', '33', 'https://img-9gag-fun.9cache.com/photo/abg26d8_460s.jpg', '460', '397', 'image', '0', '0', '2022-04-24 02:11:44', '2022-04-24 02:11:44'),
('52', 'App\Models\Post', '34', 'https://img-9gag-fun.9cache.com/photo/aM4XwmW_460s.jpg', '460', '460', 'image', '0', '0', '2022-04-24 02:11:44', '2022-04-24 02:11:44'),
('53', 'App\Models\Post', '34', 'https://img-9gag-fun.9cache.com/photo/aM4XwmW_460sv.mp4', '460', '460', 'video', '1', '22', '2022-04-24 02:11:44', '2022-04-24 02:11:44'),
('54', 'App\Models\Post', '35', 'https://img-9gag-fun.9cache.com/photo/aNPRdbr_460s.jpg', '460', '445', 'image', '0', '0', '2022-04-24 02:11:44', '2022-04-24 02:11:44'),
('55', 'App\Models\Post', '36', 'https://img-9gag-fun.9cache.com/photo/aBnXwvP_460s.jpg', '460', '309', 'image', '0', '0', '2022-04-24 02:11:44', '2022-04-24 02:11:44'),
('56', 'App\Models\Post', '37', 'https://img-9gag-fun.9cache.com/photo/abg262r_460s.jpg', '460', '612', 'image', '0', '0', '2022-04-24 02:11:44', '2022-04-24 02:11:44'),
('57', 'App\Models\Post', '38', 'https://img-9gag-fun.9cache.com/photo/a21bd1O_460s.jpg', '406', '720', 'image', '0', '0', '2022-04-24 02:11:44', '2022-04-24 02:11:44'),
('58', 'App\Models\Post', '38', 'https://img-9gag-fun.9cache.com/photo/a21bd1O_460sv.mp4', '406', '720', 'video', '1', '53', '2022-04-24 02:11:44', '2022-04-24 02:11:44'),
('59', 'App\Models\Post', '39', 'https://img-9gag-fun.9cache.com/photo/avAvrQb_460s.jpg', '460', '676', 'image', '0', '0', '2022-04-24 02:11:44', '2022-04-24 02:11:44'),
('60', 'App\Models\Post', '40', 'https://img-9gag-fun.9cache.com/photo/apgArNE_460s.jpg', '272', '480', 'image', '0', '0', '2022-04-24 02:11:44', '2022-04-24 02:11:44'),
('61', 'App\Models\Post', '40', 'https://img-9gag-fun.9cache.com/photo/apgArNE_460sv.mp4', '272', '480', 'video', '1', '11', '2022-04-24 02:11:44', '2022-04-24 02:11:44');

INSERT INTO "posts" ("id", "category_id", "type", "title", "upvotes_count", "downvotes_count", "comments_count", "created_at", "updated_at") VALUES
('1', '10', 'animated', 'Fluff ball of a kitty demanding attention.', '246', '9', '0', '2022-04-22 23:07:24', '2022-04-22 23:07:24'),
('2', '1', 'animated', 'Ethan Zuckerman', '121', '8', '0', '2022-04-22 22:59:59', '2022-04-22 22:59:59'),
('3', '1', 'photo', 'My favorite scene', '257', '16', '0', '2022-04-22 22:44:52', '2022-04-22 22:44:52'),
('4', '6', 'animated', 'Gotta love happy endings...', '403', '28', '0', '2022-04-22 22:14:24', '2022-04-22 22:14:24'),
('5', '21', 'animated', 'Cleaning the tools after a tinder date', '119', '23', '0', '2022-04-22 22:53:56', '2022-04-22 22:53:56'),
('6', '6', 'animated', 'Dogapult', '590', '57', '0', '2022-04-22 22:09:46', '2022-04-22 22:09:46'),
('7', '10', 'animated', 'It gave me Goosebumps', '144', '4', '0', '2022-04-22 22:41:15', '2022-04-22 22:41:15'),
('8', '50', 'animated', 'Strong Current.', '64', '4', '0', '2022-04-22 23:32:26', '2022-04-22 23:32:26'),
('9', '2', 'animated', 'It''s free? It''s for me?', '288', '34', '0', '2022-04-22 22:39:42', '2022-04-22 22:39:42'),
('10', '1', 'animated', 'It be like that sometimes.!', '90', '3', '0', '2022-04-22 23:15:11', '2022-04-22 23:15:11'),
('11', '2', 'photo', 'Know your worth, kings.', '345', '29', '0', '2022-04-22 22:04:11', '2022-04-22 22:04:11'),
('12', '8', 'photo', 'Goblin Slayer has his priorities straight', '88', '3', '0', '2022-04-22 22:00:19', '2022-04-22 22:00:19'),
('13', '1', 'photo', 'It’s difficult for the deranged', '178', '10', '0', '2022-04-22 22:33:41', '2022-04-22 22:33:41'),
('14', '2', 'animated', 'Go, Al, do it.', '128', '28', '0', '2022-04-22 22:58:07', '2022-04-22 22:58:07'),
('15', '2', 'photo', 'DAYS SINCE LAST FIRE: 0', '354', '46', '0', '2022-04-22 22:05:49', '2022-04-22 22:05:49'),
('16', '12', 'animated', 'Two headed snapping turtle', '235', '17', '0', '2022-04-22 21:58:04', '2022-04-22 21:58:04'),
('17', '6', 'animated', 'She did her best to save her', '219', '22', '0', '2022-04-22 21:58:08', '2022-04-22 21:58:08'),
('18', '2', 'photo', 'Canada will send four M777 howitzers for Ukraine.', '140', '28', '0', '2022-04-22 22:27:50', '2022-04-22 22:27:50'),
('19', '1', 'animated', 'Look a honey bun', '471', '35', '0', '2022-04-22 21:50:28', '2022-04-22 21:50:28'),
('20', '1', 'animated', 'This girl is going places.', '75', '6', '0', '2022-04-22 23:16:25', '2022-04-22 23:16:25'),
('21', '2', 'photo', 'But ruble so strong, higher than before war', '144', '12', '0', '2022-04-22 22:01:56', '2022-04-22 22:01:56'),
('22', '3', 'photo', 'I need some name like melody mark. Natural body, thicc, no filler, teen looks. Shes the best ive ever seen, anyone beat her?', '193', '22', '0', '2022-04-22 23:06:29', '2022-04-22 23:06:29'),
('23', '50', 'photo', 'Lifeguard Living His BEST Life', '663', '32', '0', '2022-04-22 21:33:11', '2022-04-22 21:33:11'),
('24', '2', 'photo', 'Ukraine Hits the Russian Central Command in Chornobaivka (Чорнобаївка) !!!! Several Orc Officers down.', '76', '10', '0', '2022-04-22 22:41:35', '2022-04-22 22:41:35'),
('25', '1', 'photo', 'Memorable Snail', '80', '9', '0', '2022-04-22 22:12:28', '2022-04-22 22:12:28'),
('26', '43', 'animated', 'Big brain move', '44', '2', '0', '2022-04-22 21:57:17', '2022-04-22 21:57:17'),
('27', '1', 'photo', 'Cursive', '405', '46', '0', '2022-04-22 21:28:18', '2022-04-22 21:28:18'),
('28', '1', 'animated', 'Things you can say to your dog but not your girlfriend', '346', '9', '0', '2022-04-22 21:26:13', '2022-04-22 21:26:13'),
('29', '65', 'photo', 'Russian Ministry of Defense announced that Ukrainian air defense capability has been destroyed…for the third time.', '320', '49', '0', '2022-04-22 18:12:20', '2022-04-22 18:12:20'),
('30', '1', 'photo', 'He might be dead, but I trust him', '519', '12', '0', '2022-04-22 21:16:14', '2022-04-22 21:16:14'),
('31', '6', 'animated', 'Gamer Seal, leaderboard champion of the sea', '217', '14', '0', '2022-04-22 21:26:16', '2022-04-22 21:26:16'),
('32', '1', 'animated', 'Watch the girl with the arm cast', '360', '17', '0', '2022-04-22 21:23:19', '2022-04-22 21:23:19'),
('33', '31', 'photo', 'Some of you may have died, but know that it wasn''t in vain.', '50', '5', '0', '2022-04-22 22:13:08', '2022-04-22 22:13:08'),
('34', '1', 'animated', 'Dick’s pizza commercial', '168', '9', '0', '2022-04-22 21:26:12', '2022-04-22 21:26:12'),
('35', '1', 'photo', 'Karen', '33', '2', '0', '2022-04-22 22:43:21', '2022-04-22 22:43:21'),
('36', '1', 'photo', 'Always the same with excel....and girls', '47', '3', '0', '2022-04-22 22:09:49', '2022-04-22 22:09:49'),
('37', '49', 'photo', 'My first ever Mini. I hope you like it. Want to make a full Craftworlds list in this color scheme', '46', '1', '0', '2022-04-22 21:49:20', '2022-04-22 21:49:20'),
('38', '12', 'animated', 'Musou Black - The world''s blackest paint', '181', '22', '0', '2022-04-22 21:03:12', '2022-04-22 21:03:12'),
('39', '1', 'photo', 'Swish and flick!', '431', '21', '0', '2022-04-22 21:10:06', '2022-04-22 21:10:06'),
('40', '6', 'animated', 'Ouch', '125', '10', '0', '2022-04-22 20:55:58', '2022-04-22 20:55:58');

INSERT INTO "taggables" ("id", "tag_id", "taggable_type", "taggable_id") VALUES
('1', '1', 'App\Models\Post', '5'),
('2', '2', 'App\Models\Post', '5'),
('3', '3', 'App\Models\Post', '5'),
('4', '4', 'App\Models\Post', '6'),
('5', '5', 'App\Models\Post', '8'),
('6', '6', 'App\Models\Post', '12'),
('7', '7', 'App\Models\Post', '12'),
('8', '8', 'App\Models\Post', '12'),
('9', '9', 'App\Models\Post', '16'),
('10', '10', 'App\Models\Post', '20'),
('11', '11', 'App\Models\Post', '20'),
('12', '12', 'App\Models\Post', '20'),
('13', '13', 'App\Models\Post', '21'),
('14', '14', 'App\Models\Post', '22'),
('15', '15', 'App\Models\Post', '24'),
('16', '16', 'App\Models\Post', '24'),
('17', '17', 'App\Models\Post', '29'),
('18', '18', 'App\Models\Post', '29'),
('19', '19', 'App\Models\Post', '29'),
('20', '20', 'App\Models\Post', '34'),
('21', '21', 'App\Models\Post', '36'),
('22', '8', 'App\Models\Post', '36'),
('23', '22', 'App\Models\Post', '36'),
('24', '23', 'App\Models\Post', '37'),
('25', '24', 'App\Models\Post', '39'),
('26', '25', 'App\Models\Post', '39');

INSERT INTO "tags" ("id", "name", "created_at") VALUES
('1', 'hygiene', '2022-04-24 02:11:44'),
('2', 'date', '2022-04-24 02:11:44'),
('3', 'tsoutsouni', '2022-04-24 02:11:44'),
('4', 'wtf', '2022-04-24 02:11:44'),
('5', 'Lo del Momento Loja', '2022-04-24 02:11:44'),
('6', 'goblin slayer', '2022-04-24 02:11:44'),
('7', 'anime', '2022-04-24 02:11:44'),
('8', 'funny', '2022-04-24 02:11:44'),
('9', 'Turtles', '2022-04-24 02:11:44'),
('10', 'feminism', '2022-04-24 02:11:44'),
('11', 'mental illness', '2022-04-24 02:11:44'),
('12', 'sjw', '2022-04-24 02:11:44'),
('13', 'Among Us', '2022-04-24 02:11:44'),
('14', 'Melody Marks', '2022-04-24 02:11:44'),
('15', 'russo ukrainian war', '2022-04-24 02:11:44'),
('16', 'Oleksiy Arestovych', '2022-04-24 02:11:44'),
('17', 'ukraine', '2022-04-24 02:11:44'),
('18', 'ukraine russia war', '2022-04-24 02:11:44'),
('19', 'Russian military fails', '2022-04-24 02:11:44'),
('20', 'Jack London', '2022-04-24 02:11:44'),
('21', 'excel', '2022-04-24 02:11:44'),
('22', 'sad', '2022-04-24 02:11:44'),
('23', 'warhammer 40000', '2022-04-24 02:11:44'),
('24', 'harry potter', '2022-04-24 02:11:44'),
('25', 'dick', '2022-04-24 02:11:44');
